fips,dominant,census_region
46007,poverty_rate,Midwest
39127,food_insecurity_rate,Midwest
02130,unemployment_rate,West
29031,fastfood_density,Midwest
51530,poverty_rate,South
36045,feci,Northeast
48475,food_insecurity_rate,South
27039,fastfood_density,Midwest
48097,food_insecurity_rate,South
47167,food_insecurity_rate,South
46091,feci,Midwest
48021,food_insecurity_rate,South
55059,unemployment_rate,Midwest
55027,pct_mfg_sector,Midwest
26035,poverty_rate,Midwest
05129,poverty_rate,South
37073,food_desert_index,South
54073,snap_rate,South
37067,food_desert_index,South
05037,poverty_rate,South
01003,food_insecurity_rate,South
24025,feci,South
29159,food_desert_index,Midwest
22123,median_income,South
47157,poverty_rate,South
41057,snap_rate,West
13291,food_insecurity_rate,South
17139,snap_rate,Midwest
39107,food_insecurity_rate,Midwest
12009,food_insecurity_rate,South
48077,food_insecurity_rate,South
51680,snap_rate,South
34021,fastfood_density,Northeast
17147,snap_rate,Midwest
05125,feci,South
55121,pct_mfg_sector,Midwest
47069,food_insecurity_rate,South
24029,food_desert_index,South
47063,food_insecurity_rate,South
44003,unemployment_rate,Northeast
30087,poverty_rate,West
22019,poverty_rate,South
20039,median_income,Midwest
34037,feci,Northeast
20111,poverty_rate,Midwest
39149,food_insecurity_rate,Midwest
37015,median_income,South
26145,poverty_rate,Midwest
55099,pct_mfg_sector,Midwest
06017,unemployment_rate,West
39145,poverty_rate,Midwest
39061,food_insecurity_rate,Midwest
51081,snap_rate,South
20153,feci,Midwest
17119,snap_rate,Midwest
56035,fastfood_density,West
54011,snap_rate,South
46067,pct_agri_sector,Midwest
27005,grocery_density,Midwest
51750,poverty_rate,South
13001,poverty_rate,South
36095,grocery_density,Northeast
48233,food_insecurity_rate,South
29041,pct_agri_sector,Midwest
31047,feci,Midwest
39035,poverty_rate,Midwest
28021,poverty_rate,South
47001,food_insecurity_rate,South
13153,food_insecurity_rate,South
48333,food_insecurity_rate,South
51595,snap_rate,South
19019,fastfood_density,Midwest
36049,food_desert_index,Northeast
54037,snap_rate,South
13113,food_insecurity_rate,South
40109,poverty_rate,South
01057,poverty_rate,South
25013,poverty_rate,Northeast
28007,poverty_rate,South
48317,food_insecurity_rate,South
18049,food_insecurity_rate,Midwest
54085,poverty_rate,South
48225,food_insecurity_rate,South
01021,food_insecurity_rate,South
17023,snap_rate,Midwest
13023,poverty_rate,South
27135,pct_mfg_sector,Midwest
47065,food_insecurity_rate,South
39081,food_insecurity_rate,Midwest
13085,food_insecurity_rate,South
40111,median_income,South
54033,snap_rate,South
37085,unemployment_rate,South
31027,pct_agri_sector,Midwest
26055,food_insecurity_rate,Midwest
54043,snap_rate,South
40087,unemployment_rate,South
08099,poverty_rate,West
34035,pct_agri_sector,Northeast
51017,poverty_rate,South
29091,poverty_rate,Midwest
31081,feci,Midwest
40121,median_income,South
13197,food_insecurity_rate,South
19017,pct_mfg_sector,Midwest
55133,grocery_density,Midwest
54087,snap_rate,South
55015,pct_mfg_sector,Midwest
20069,feci,Midwest
54103,snap_rate,South
40029,poverty_rate,South
28093,poverty_rate,South
26005,food_insecurity_rate,Midwest
36027,unemployment_rate,Northeast
54091,snap_rate,South
36065,unemployment_rate,Northeast
13249,food_insecurity_rate,South
56007,pct_agri_sector,West
53027,food_desert_index,West
13003,poverty_rate,South
31073,feci,Midwest
37097,feci,South
31085,feci,Midwest
40125,poverty_rate,South
29067,median_income,Midwest
45019,food_insecurity_rate,South
01109,poverty_rate,South
48277,poverty_rate,South
30095,unemployment_rate,West
31127,pct_agri_sector,Midwest
05141,poverty_rate,South
47089,food_insecurity_rate,South
27007,poverty_rate,Midwest
27101,pct_agri_sector,Midwest
26139,food_insecurity_rate,Midwest
06075,fastfood_density,West
48251,food_insecurity_rate,South
12067,food_insecurity_rate,South
48413,food_insecurity_rate,South
55009,unemployment_rate,Midwest
39071,food_insecurity_rate,Midwest
29147,poverty_rate,Midwest
39065,food_insecurity_rate,Midwest
36085,pct_agri_sector,Northeast
17117,snap_rate,Midwest
28055,median_income,South
06105,poverty_rate,West
41009,snap_rate,West
48057,food_insecurity_rate,South
05149,feci,South
39125,food_insecurity_rate,Midwest
20157,median_income,Midwest
13305,poverty_rate,South
31051,feci,Midwest
38087,feci,Midwest
17003,poverty_rate,Midwest
27137,food_desert_index,Midwest
02060,unemployment_rate,West
01101,poverty_rate,South
49025,food_insecurity_rate,West
46063,snap_rate,Midwest
16071,pct_mfg_sector,West
17017,snap_rate,Midwest
29037,grocery_density,Midwest
48275,food_insecurity_rate,South
13297,food_insecurity_rate,South
45057,food_insecurity_rate,South
48265,food_insecurity_rate,South
53075,poverty_rate,West
41025,snap_rate,West
48367,food_insecurity_rate,South
40133,poverty_rate,South
20167,median_income,Midwest
18093,food_insecurity_rate,Midwest
48091,food_insecurity_rate,South
16033,median_income,West
20169,fastfood_density,Midwest
01039,poverty_rate,South
09170,pct_foodsvc_sector,Northeast
12023,food_insecurity_rate,South
06079,unemployment_rate,West
29009,poverty_rate,Midwest
31097,feci,Midwest
37109,pct_agri_sector,South
29179,median_income,Midwest
31059,unemployment_rate,Midwest
48041,poverty_rate,South
06035,food_desert_index,West
29055,median_income,Midwest
53033,feci,West
05009,median_income,South
53045,fastfood_density,West
54003,snap_rate,South
02110,unemployment_rate,West
37011,unemployment_rate,South
09130,unemployment_rate,Northeast
19179,poverty_rate,Midwest
55113,poverty_rate,Midwest
24031,unemployment_rate,South
34031,poverty_rate,Northeast
05005,median_income,South
51119,snap_rate,South
26059,poverty_rate,Midwest
26015,food_insecurity_rate,Midwest
48271,food_insecurity_rate,South
37167,unemployment_rate,South
35007,median_income,West
28125,poverty_rate,South
20117,pct_mfg_sector,Midwest
39013,food_insecurity_rate,Midwest
36013,poverty_rate,Northeast
26133,poverty_rate,Midwest
55111,unemployment_rate,Midwest
30105,fastfood_density,West
19101,pct_agri_sector,Midwest
27001,food_desert_index,Midwest
54059,poverty_rate,South
16039,median_income,West
20113,fastfood_density,Midwest
17161,poverty_rate,Midwest
06101,poverty_rate,West
46035,unemployment_rate,Midwest
19075,pct_agri_sector,Midwest
26057,food_insecurity_rate,Midwest
05077,poverty_rate,South
27081,pct_agri_sector,Midwest
17121,poverty_rate,Midwest
06027,fastfood_density,West
29215,poverty_rate,Midwest
34009,fastfood_density,Northeast
20185,feci,Midwest
22021,poverty_rate,South
55087,unemployment_rate,Midwest
55025,pct_agri_sector,Midwest
39171,food_insecurity_rate,Midwest
27055,pct_foodsvc_sector,Midwest
37095,poverty_rate,South
05087,median_income,South
27127,food_desert_index,Midwest
48029,food_insecurity_rate,South
16009,poverty_rate,West
54051,snap_rate,South
48001,food_insecurity_rate,South
48369,food_insecurity_rate,South
06023,poverty_rate,West
05067,median_income,South
31035,pct_agri_sector,Midwest
13043,median_income,South
16073,pct_agri_sector,West
27165,food_desert_index,Midwest
13223,food_insecurity_rate,South
28001,poverty_rate,South
25027,snap_rate,Northeast
22119,poverty_rate,South
36059,pct_agri_sector,Northeast
17013,snap_rate,Midwest
39021,food_insecurity_rate,Midwest
17181,poverty_rate,Midwest
20035,unemployment_rate,Midwest
38077,pct_agri_sector,Midwest
55083,pct_mfg_sector,Midwest
29003,pct_mfg_sector,Midwest
17183,poverty_rate,Midwest
33013,unemployment_rate,Northeast
51520,poverty_rate,South
30053,median_income,West
12019,food_insecurity_rate,South
30067,fastfood_density,West
39093,food_insecurity_rate,Midwest
36123,feci,Northeast
16077,feci,West
46083,fastfood_density,Midwest
40035,poverty_rate,South
38049,unemployment_rate,Midwest
17075,snap_rate,Midwest
48099,food_insecurity_rate,South
29129,poverty_rate,Midwest
28053,poverty_rate,South
20141,feci,Midwest
47123,food_insecurity_rate,South
48061,poverty_rate,South
35037,poverty_rate,West
45091,food_insecurity_rate,South
38067,pct_agri_sector,Midwest
36115,pct_mfg_sector,Northeast
27095,feci,Midwest
30011,median_income,West
19065,feci,Midwest
47067,poverty_rate,South
40117,poverty_rate,South
00059,pct_agri_sector,West
19127,pct_mfg_sector,Midwest
26097,poverty_rate,Midwest
26013,food_insecurity_rate,Midwest
01009,food_insecurity_rate,South
48411,food_insecurity_rate,South
06113,poverty_rate,West
30051,poverty_rate,West
27117,unemployment_rate,Midwest
36087,poverty_rate,Northeast
28137,poverty_rate,South
48037,poverty_rate,South
45077,poverty_rate,South
08035,grocery_density,West
28135,poverty_rate,South
39089,food_insecurity_rate,Midwest
17093,snap_rate,Midwest
48205,food_insecurity_rate,South
22025,poverty_rate,South
17153,poverty_rate,Midwest
39005,food_insecurity_rate,Midwest
05063,poverty_rate,South
11001,snap_rate,South
13269,poverty_rate,South
33009,fastfood_density,Northeast
54075,snap_rate,South
18047,food_insecurity_rate,Midwest
35029,poverty_rate,West
48449,food_insecurity_rate,South
47023,food_insecurity_rate,South
46101,pct_agri_sector,Midwest
05107,poverty_rate,South
08081,food_desert_index,West
51057,snap_rate,South
31149,feci,Midwest
54093,snap_rate,South
29207,median_income,Midwest
19105,feci,Midwest
36043,unemployment_rate,Northeast
46095,poverty_rate,Midwest
51770,poverty_rate,South
28073,poverty_rate,South
47025,food_insecurity_rate,South
09150,pct_agri_sector,Northeast
23031,unemployment_rate,Northeast
28041,median_income,South
12037,food_insecurity_rate,South
50015,fastfood_density,Northeast
13051,food_insecurity_rate,South
48089,food_insecurity_rate,South
18157,poverty_rate,Midwest
46117,unemployment_rate,Midwest
48491,food_insecurity_rate,South
46045,unemployment_rate,Midwest
54101,poverty_rate,South
08067,unemployment_rate,West
47037,food_insecurity_rate,South
34039,pct_agri_sector,Northeast
20059,grocery_density,Midwest
51161,snap_rate,South
48473,food_insecurity_rate,South
48461,food_insecurity_rate,South
31095,food_desert_index,Midwest
46009,feci,Midwest
51157,snap_rate,South
01093,food_insecurity_rate,South
48423,food_insecurity_rate,South
26051,food_insecurity_rate,Midwest
36113,fastfood_density,Northeast
01061,poverty_rate,South
29029,pct_agri_sector,Midwest
41031,snap_rate,West
26153,poverty_rate,Midwest
45033,poverty_rate,South
16031,fastfood_density,West
25017,pct_agri_sector,Northeast
39087,food_insecurity_rate,Midwest
30099,pct_foodsvc_sector,West
51141,snap_rate,South
27053,unemployment_rate,Midwest
26031,food_insecurity_rate,Midwest
41053,snap_rate,West
51069,snap_rate,South
31011,pct_mfg_sector,Midwest
27149,pct_foodsvc_sector,Midwest
20005,food_desert_index,Midwest
08089,poverty_rate,West
53009,fastfood_density,West
13231,food_insecurity_rate,South
12069,food_insecurity_rate,South
29173,rucc_code,Midwest
39101,food_insecurity_rate,Midwest
39105,poverty_rate,Midwest
47077,food_insecurity_rate,South
29081,median_income,Midwest
48477,food_insecurity_rate,South
08033,poverty_rate,West
20097,feci,Midwest
39047,food_insecurity_rate,Midwest
26113,food_insecurity_rate,Midwest
38045,feci,Midwest
20121,feci,Midwest
48253,food_insecurity_rate,South
51550,snap_rate,South
26063,food_insecurity_rate,Midwest
50009,pct_foodsvc_sector,Northeast
17173,snap_rate,Midwest
48315,poverty_rate,South
19197,poverty_rate,Midwest
05041,poverty_rate,South
08101,poverty_rate,West
28087,poverty_rate,South
56041,pct_foodsvc_sector,West
35027,median_income,West
29510,poverty_rate,Midwest
48245,poverty_rate,South
31173,poverty_rate,Midwest
28141,poverty_rate,South
39085,food_insecurity_rate,Midwest
19155,feci,Midwest
39109,food_insecurity_rate,Midwest
26163,poverty_rate,Midwest
37101,pct_agri_sector,South
13075,poverty_rate,South
47027,poverty_rate,South
13125,food_insecurity_rate,South
19051,pct_mfg_sector,Midwest
48087,poverty_rate,South
05103,poverty_rate,South
37025,unemployment_rate,South
55055,unemployment_rate,Midwest
40009,poverty_rate,South
24041,fastfood_density,South
26091,food_insecurity_rate,Midwest
53053,food_desert_index,West
01029,food_insecurity_rate,South
28089,feci,South
38023,feci,Midwest
27071,food_desert_index,Midwest
51067,snap_rate,South
19037,pct_mfg_sector,Midwest
46023,poverty_rate,Midwest
37017,poverty_rate,South
27049,unemployment_rate,Midwest
18145,food_insecurity_rate,Midwest
18117,food_insecurity_rate,Midwest
46077,pct_agri_sector,Midwest
36005,poverty_rate,Northeast
13119,poverty_rate,South
19171,poverty_rate,Midwest
36029,unemployment_rate,Northeast
13149,poverty_rate,South
48239,food_insecurity_rate,South
40095,poverty_rate,South
08057,poverty_rate,West
08053,feci,West
13279,poverty_rate,South
20151,food_desert_index,Midwest
16007,grocery_density,West
47043,food_insecurity_rate,South
12033,food_insecurity_rate,South
22061,poverty_rate,South
27019,unemployment_rate,Midwest
18169,food_insecurity_rate,Midwest
18017,food_insecurity_rate,Midwest
04023,poverty_rate,West
51139,snap_rate,South
47159,food_insecurity_rate,South
37071,food_desert_index,South
12095,food_insecurity_rate,South
55019,unemployment_rate,Midwest
29209,pct_foodsvc_sector,Midwest
55078,poverty_rate,Midwest
29163,unemployment_rate,Midwest
13195,poverty_rate,South
56025,feci,West
18079,food_insecurity_rate,Midwest
22041,poverty_rate,South
47129,food_insecurity_rate,South
36107,fastfood_density,Northeast
51133,snap_rate,South
17031,pct_agri_sector,Midwest
36063,pct_agri_sector,Northeast
20029,food_desert_index,Midwest
28151,poverty_rate,South
16021,poverty_rate,West
48309,food_insecurity_rate,South
35059,poverty_rate,West
40019,unemployment_rate,South
28079,poverty_rate,South
18127,food_insecurity_rate,Midwest
47179,food_insecurity_rate,South
23007,rucc_code,Northeast
48279,food_insecurity_rate,South
01097,food_insecurity_rate,South
38071,poverty_rate,Midwest
47187,food_insecurity_rate,South
29205,median_income,Midwest
47109,food_insecurity_rate,South
49013,food_insecurity_rate,West
19025,unemployment_rate,Midwest
13165,poverty_rate,South
45023,poverty_rate,South
56027,median_income,West
29211,median_income,Midwest
40021,poverty_rate,South
47169,food_insecurity_rate,South
40079,poverty_rate,South
18141,food_insecurity_rate,Midwest
18027,food_insecurity_rate,Midwest
40153,unemployment_rate,South
19135,pct_mfg_sector,Midwest
37083,poverty_rate,South
40123,unemployment_rate,South
19173,pct_foodsvc_sector,Midwest
01089,food_insecurity_rate,South
13105,poverty_rate,South
38065,unemployment_rate,Midwest
05131,median_income,South
48463,poverty_rate,South
22037,snap_rate,South
13243,poverty_rate,South
53031,food_desert_index,West
28127,poverty_rate,South
40051,fastfood_density,South
02020,unemployment_rate,West
39045,food_insecurity_rate,Midwest
01123,food_insecurity_rate,South
49043,food_insecurity_rate,West
20207,median_income,Midwest
38003,pct_agri_sector,Midwest
20071,feci,Midwest
25019,fastfood_density,Northeast
48313,food_insecurity_rate,South
40007,pct_foodsvc_sector,South
53013,unemployment_rate,West
46125,pct_agri_sector,Midwest
16015,feci,West
13117,food_insecurity_rate,South
20055,pct_mfg_sector,Midwest
17115,snap_rate,Midwest
20091,unemployment_rate,Midwest
20077,median_income,Midwest
41015,snap_rate,West
55139,pct_agri_sector,Midwest
22077,poverty_rate,South
27035,pct_mfg_sector,Midwest
37199,poverty_rate,South
45075,poverty_rate,South
19023,feci,Midwest
27173,pct_agri_sector,Midwest
26049,poverty_rate,Midwest
27093,pct_foodsvc_sector,Midwest
29093,poverty_rate,Midwest
51015,snap_rate,South
13253,poverty_rate,South
35047,poverty_rate,West
48349,poverty_rate,South
29083,median_income,Midwest
20023,poverty_rate,Midwest
19107,fastfood_density,Midwest
13201,poverty_rate,South
27027,grocery_density,Midwest
48293,poverty_rate,South
26109,food_insecurity_rate,Midwest
35039,poverty_rate,West
26081,food_insecurity_rate,Midwest
47149,food_insecurity_rate,South
56023,pct_agri_sector,West
05115,poverty_rate,South
39095,poverty_rate,Midwest
06059,food_insecurity_rate,West
28091,median_income,South
55073,unemployment_rate,Midwest
38051,poverty_rate,Midwest
16045,food_desert_index,West
13099,poverty_rate,South
12063,food_insecurity_rate,South
47185,food_insecurity_rate,South
31039,pct_agri_sector,Midwest
53019,poverty_rate,West
04025,food_insecurity_rate,West
18041,food_insecurity_rate,Midwest
20139,feci,Midwest
48281,food_insecurity_rate,South
47147,food_insecurity_rate,South
54035,snap_rate,South
31021,feci,Midwest
17133,snap_rate,Midwest
49001,food_insecurity_rate,West
19147,unemployment_rate,Midwest
30097,pct_foodsvc_sector,West
27067,unemployment_rate,Midwest
48003,food_insecurity_rate,South
06115,poverty_rate,West
13127,food_insecurity_rate,South
48209,food_insecurity_rate,South
16055,grocery_density,West
13057,food_insecurity_rate,South
47015,food_insecurity_rate,South
48445,poverty_rate,South
18089,food_insecurity_rate,Midwest
51790,snap_rate,South
48505,poverty_rate,South
13175,poverty_rate,South
13257,food_insecurity_rate,South
29131,median_income,Midwest
18119,food_insecurity_rate,Midwest
27157,pct_foodsvc_sector,Midwest
28119,poverty_rate,South
28107,poverty_rate,South
48327,poverty_rate,South
02220,fastfood_density,West
29119,median_income,Midwest
23029,median_income,Northeast
17039,snap_rate,Midwest
32019,snap_rate,West
13081,poverty_rate,South
23011,unemployment_rate,Northeast
12119,food_insecurity_rate,South
25015,food_desert_index,Northeast
31159,pct_mfg_sector,Midwest
08075,median_income,West
27029,food_desert_index,Midwest
27069,food_desert_index,Midwest
55071,pct_mfg_sector,Midwest
32027,snap_rate,West
06111,snap_rate,West
39055,food_insecurity_rate,Midwest
47105,food_insecurity_rate,South
19077,fastfood_density,Midwest
29051,grocery_density,Midwest
18025,poverty_rate,Midwest
51193,snap_rate,South
18019,food_insecurity_rate,Midwest
13285,poverty_rate,South
08051,food_desert_index,West
45001,median_income,South
28023,poverty_rate,South
41039,snap_rate,West
40039,poverty_rate,South
37053,unemployment_rate,South
37065,poverty_rate,South
45011,poverty_rate,South
29185,median_income,Midwest
01103,food_insecurity_rate,South
54047,poverty_rate,South
13069,poverty_rate,South
49033,food_insecurity_rate,West
46049,poverty_rate,Midwest
51830,snap_rate,South
51009,snap_rate,South
22093,snap_rate,South
18105,poverty_rate,Midwest
22099,snap_rate,South
05137,poverty_rate,South
22063,snap_rate,South
18159,food_insecurity_rate,Midwest
51049,snap_rate,South
48359,food_insecurity_rate,South
17079,snap_rate,Midwest
37123,poverty_rate,South
12015,food_insecurity_rate,South
41023,snap_rate,West
48051,food_insecurity_rate,South
08083,unemployment_rate,West
20019,food_desert_index,Midwest
54001,snap_rate,South
28037,poverty_rate,South
53007,food_desert_index,West
40091,poverty_rate,South
18053,food_insecurity_rate,Midwest
16079,median_income,West
28071,poverty_rate,South
12017,food_insecurity_rate,South
18103,food_insecurity_rate,Midwest
36035,pct_agri_sector,Northeast
48187,food_insecurity_rate,South
06041,pct_agri_sector,West
18077,food_insecurity_rate,Midwest
37111,median_income,South
51800,snap_rate,South
15001,fastfood_density,West
51590,poverty_rate,South
47009,food_insecurity_rate,South
01091,poverty_rate,South
26009,food_insecurity_rate,Midwest
53067,snap_rate,West
01117,food_insecurity_rate,South
12101,food_insecurity_rate,South
13161,poverty_rate,South
31103,food_desert_index,Midwest
29123,food_desert_index,Midwest
48053,food_insecurity_rate,South
37151,poverty_rate,South
41043,snap_rate,West
40017,unemployment_rate,South
29111,median_income,Midwest
01037,food_insecurity_rate,South
29153,poverty_rate,Midwest
17123,snap_rate,Midwest
28061,poverty_rate,South
33017,food_desert_index,Northeast
30017,unemployment_rate,West
12005,food_insecurity_rate,South
19191,pct_agri_sector,Midwest
48255,food_insecurity_rate,South
29109,median_income,Midwest
34025,fastfood_density,Northeast
51115,snap_rate,South
45047,median_income,South
48027,food_insecurity_rate,South
31029,fastfood_density,Midwest
36109,pct_foodsvc_sector,Northeast
01121,food_insecurity_rate,South
37177,median_income,South
47189,food_insecurity_rate,South
48273,poverty_rate,South
41047,snap_rate,West
05111,poverty_rate,South
18115,food_insecurity_rate,Midwest
27107,unemployment_rate,Midwest
46025,grocery_density,Midwest
27013,poverty_rate,Midwest
12061,food_insecurity_rate,South
13217,food_insecurity_rate,South
02198,poverty_rate,West
48409,food_insecurity_rate,South
12065,poverty_rate,South
51650,snap_rate,South
18109,food_insecurity_rate,Midwest
06061,feci,West
47085,food_insecurity_rate,South
51181,snap_rate,South
53057,unemployment_rate,West
22007,median_income,South
37159,poverty_rate,South
02275,food_desert_index,West
29107,grocery_density,Midwest
18129,food_insecurity_rate,Midwest
08105,poverty_rate,West
51045,snap_rate,South
40003,pct_agri_sector,South
23015,unemployment_rate,Northeast
37173,poverty_rate,South
22121,snap_rate,South
45067,poverty_rate,South
51820,snap_rate,South
48405,poverty_rate,South
28117,median_income,South
01051,food_insecurity_rate,South
13173,poverty_rate,South
31045,median_income,Midwest
05113,poverty_rate,South
08047,pct_agri_sector,West
18033,food_insecurity_rate,Midwest
22015,poverty_rate,South
18137,food_insecurity_rate,Midwest
39069,food_insecurity_rate,Midwest
28123,poverty_rate,South
13307,poverty_rate,South
40099,fastfood_density,South
45063,food_insecurity_rate,South
51037,poverty_rate,South
48135,food_insecurity_rate,South
20197,feci,Midwest
39139,food_insecurity_rate,Midwest
10005,pct_foodsvc_sector,South
22085,poverty_rate,South
01047,poverty_rate,South
19063,pct_mfg_sector,Midwest
46027,poverty_rate,Midwest
40055,food_desert_index,South
05099,poverty_rate,South
27021,fastfood_density,Midwest
51047,snap_rate,South
05123,poverty_rate,South
30093,food_desert_index,West
06051,fastfood_density,West
15007,fastfood_density,West
50027,unemployment_rate,Northeast
17185,median_income,Midwest
27147,pct_foodsvc_sector,Midwest
18171,food_insecurity_rate,Midwest
55127,unemployment_rate,Midwest
24023,fastfood_density,South
31111,fastfood_density,Midwest
53021,fastfood_density,West
20053,feci,Midwest
48421,food_insecurity_rate,South
01127,food_insecurity_rate,South
23023,unemployment_rate,Northeast
38059,unemployment_rate,Midwest
05089,poverty_rate,South
55013,pct_mfg_sector,Midwest
27061,food_desert_index,Midwest
29105,poverty_rate,Midwest
22039,poverty_rate,South
51007,snap_rate,South
06103,poverty_rate,West
37185,poverty_rate,South
51023,snap_rate,South
39135,food_insecurity_rate,Midwest
34041,other,Northeast
32029,snap_rate,West
04009,food_insecurity_rate,West
17035,snap_rate,Midwest
53055,unemployment_rate,West
06047,poverty_rate,West
08039,unemployment_rate,West
18031,food_insecurity_rate,Midwest
18063,food_insecurity_rate,Midwest
32015,snap_rate,West
28051,poverty_rate,South
27099,pct_mfg_sector,Midwest
48193,poverty_rate,South
17073,snap_rate,Midwest
48395,food_insecurity_rate,South
48355,poverty_rate,South
51775,snap_rate,South
29201,feci,Midwest
08001,food_desert_index,West
51113,snap_rate,South
02188,poverty_rate,West
28025,poverty_rate,South
17143,poverty_rate,Midwest
39137,food_insecurity_rate,Midwest
23001,unemployment_rate,Northeast
48213,food_insecurity_rate,South
19031,feci,Midwest
48335,food_insecurity_rate,South
36009,poverty_rate,Northeast
18065,food_insecurity_rate,Midwest
28115,median_income,South
18007,food_insecurity_rate,Midwest
17083,snap_rate,Midwest
46011,food_desert_index,Midwest
01075,food_insecurity_rate,South
54063,snap_rate,South
26085,poverty_rate,Midwest
37129,unemployment_rate,South
13213,food_insecurity_rate,South
46085,poverty_rate,Midwest
13271,poverty_rate,South
40103,feci,South
29175,median_income,Midwest
01033,food_insecurity_rate,South
13131,poverty_rate,South
02090,unemployment_rate,West
32001,snap_rate,West
41063,snap_rate,West
17103,snap_rate,Midwest
53049,food_desert_index,West
20003,fastfood_density,Midwest
55067,food_desert_index,Midwest
36103,unemployment_rate,Northeast
17169,poverty_rate,Midwest
53025,poverty_rate,West
13193,poverty_rate,South
12043,poverty_rate,South
22097,poverty_rate,South
51740,snap_rate,South
46037,grocery_density,Midwest
12029,poverty_rate,South
32510,snap_rate,West
46089,feci,Midwest
17061,snap_rate,Midwest
08049,pct_agri_sector,West
51810,snap_rate,South
29027,fastfood_density,Midwest
54029,snap_rate,South
31015,pct_agri_sector,Midwest
22009,poverty_rate,South
36089,poverty_rate,Northeast
51137,snap_rate,South
48339,food_insecurity_rate,South
31071,grocery_density,Midwest
08061,food_desert_index,West
48125,food_insecurity_rate,South
36067,unemployment_rate,Northeast
31131,pct_agri_sector,Midwest
20119,feci,Midwest
55053,pct_foodsvc_sector,Midwest
55089,feci,Midwest
01087,median_income,South
28149,poverty_rate,South
06057,food_desert_index,West
18059,food_insecurity_rate,Midwest
31055,food_desert_index,Midwest
12109,food_insecurity_rate,South
25003,food_desert_index,Northeast
39001,poverty_rate,Midwest
08103,unemployment_rate,West
17007,snap_rate,Midwest
48073,poverty_rate,South
13097,food_insecurity_rate,South
01081,poverty_rate,South
29133,poverty_rate,Midwest
36069,unemployment_rate,Northeast
13183,food_insecurity_rate,South
13181,poverty_rate,South
36099,unemployment_rate,Northeast
49037,poverty_rate,West
45031,poverty_rate,South
53077,poverty_rate,West
55031,unemployment_rate,Midwest
29097,poverty_rate,Midwest
37195,poverty_rate,South
47071,food_insecurity_rate,South
37035,pct_mfg_sector,South
38085,poverty_rate,Midwest
35011,poverty_rate,West
46119,unemployment_rate,Midwest
40065,feci,South
46015,fastfood_density,Midwest
13313,food_insecurity_rate,South
06005,pct_foodsvc_sector,West
06011,fastfood_density,West
45059,poverty_rate,South
20061,poverty_rate,Midwest
31183,feci,Midwest
20013,fastfood_density,Midwest
37193,median_income,South
13045,food_insecurity_rate,South
40151,median_income,South
37169,unemployment_rate,South
56033,food_insecurity_rate,West
37019,pct_agri_sector,South
28075,poverty_rate,South
51620,snap_rate,South
19015,grocery_density,Midwest
26119,poverty_rate,Midwest
28017,poverty_rate,South
08043,food_desert_index,West
32013,snap_rate,West
24027,pct_agri_sector,South
18131,food_insecurity_rate,Midwest
26089,food_insecurity_rate,Midwest
01113,poverty_rate,South
18035,poverty_rate,Midwest
39025,food_insecurity_rate,Midwest
27097,food_desert_index,Midwest
23025,poverty_rate,Northeast
47181,food_insecurity_rate,South
48199,food_insecurity_rate,South
27059,pct_mfg_sector,Midwest
28139,poverty_rate,South
36021,feci,Northeast
35053,poverty_rate,West
01077,food_insecurity_rate,South
08079,median_income,West
38093,feci,Midwest
45035,food_insecurity_rate,South
31107,pct_agri_sector,Midwest
24013,unemployment_rate,South
13227,food_insecurity_rate,South
37175,unemployment_rate,South
46115,feci,Midwest
35049,snap_rate,West
19055,feci,Midwest
01013,poverty_rate,South
17191,median_income,Midwest
48145,snap_rate,South
51027,poverty_rate,South
08071,median_income,West
20147,fastfood_density,Midwest
36073,food_desert_index,Northeast
47049,poverty_rate,South
37043,median_income,South
01027,food_insecurity_rate,South
55041,poverty_rate,Midwest
39121,food_insecurity_rate,Midwest
19185,poverty_rate,Midwest
23021,poverty_rate,Northeast
55003,poverty_rate,Midwest
16027,food_desert_index,West
02230,feci,West
28105,poverty_rate,South
37003,pct_mfg_sector,South
29217,poverty_rate,Midwest
41041,snap_rate,West
12047,poverty_rate,South
06087,snap_rate,West
48247,poverty_rate,South
48189,poverty_rate,South
06097,snap_rate,West
20199,feci,Midwest
55033,unemployment_rate,Midwest
37179,pct_agri_sector,South
08077,food_desert_index,West
56001,poverty_rate,West
38055,feci,Midwest
06095,snap_rate,West
13101,food_insecurity_rate,South
26077,food_insecurity_rate,Midwest
46137,poverty_rate,Midwest
19005,pct_foodsvc_sector,Midwest
18101,food_insecurity_rate,Midwest
40001,poverty_rate,South
37057,unemployment_rate,South
48049,food_insecurity_rate,South
51003,snap_rate,South
19059,fastfood_density,Midwest
17179,snap_rate,Midwest
01049,food_insecurity_rate,South
27065,food_desert_index,Midwest
51097,poverty_rate,South
29181,poverty_rate,Midwest
27159,median_income,Midwest
13007,poverty_rate,South
06107,poverty_rate,West
17157,snap_rate,Midwest
01073,food_insecurity_rate,South
22001,poverty_rate,South
48009,food_insecurity_rate,South
26047,food_insecurity_rate,Midwest
36093,feci,Northeast
29223,poverty_rate,Midwest
08017,unemployment_rate,West
55131,unemployment_rate,Midwest
17001,snap_rate,Midwest
18155,food_insecurity_rate,Midwest
48131,poverty_rate,South
13015,food_insecurity_rate,South
37165,poverty_rate,South
13033,poverty_rate,South
18107,food_insecurity_rate,Midwest
37005,median_income,South
39083,food_insecurity_rate,Midwest
18075,food_insecurity_rate,Midwest
26099,food_insecurity_rate,Midwest
13229,food_insecurity_rate,South
08095,poverty_rate,West
26093,food_insecurity_rate,Midwest
17105,snap_rate,Midwest
51013,snap_rate,South
46109,poverty_rate,Midwest
35005,poverty_rate,West
13037,food_insecurity_rate,South
01083,food_insecurity_rate,South
17171,snap_rate,Midwest
37041,poverty_rate,South
29115,poverty_rate,Midwest
08031,food_desert_index,West
08014,unemployment_rate,West
48139,food_insecurity_rate,South
05033,poverty_rate,South
36105,poverty_rate,Northeast
08045,unemployment_rate,West
47087,poverty_rate,South
53011,pct_agri_sector,West
29101,unemployment_rate,Midwest
28057,food_insecurity_rate,South
51155,snap_rate,South
46059,fastfood_density,Midwest
31023,feci,Midwest
48227,food_insecurity_rate,South
47039,poverty_rate,South
18011,food_insecurity_rate,Midwest
35035,poverty_rate,West
35031,poverty_rate,West
12079,poverty_rate,South
56013,food_insecurity_rate,West
33001,fastfood_density,Northeast
29021,poverty_rate,Midwest
01059,food_insecurity_rate,South
31169,pct_foodsvc_sector,Midwest
08007,food_desert_index,West
45051,food_insecurity_rate,South
48353,poverty_rate,South
48373,food_insecurity_rate,South
48119,food_insecurity_rate,South
12041,food_insecurity_rate,South
20127,median_income,Midwest
47033,food_insecurity_rate,South
47173,food_insecurity_rate,South
19081,pct_mfg_sector,Midwest
39073,food_insecurity_rate,Midwest
48167,food_insecurity_rate,South
30109,food_desert_index,West
16029,pct_foodsvc_sector,West
54107,snap_rate,South
47021,food_insecurity_rate,South
16069,pct_foodsvc_sector,West
39053,food_insecurity_rate,Midwest
48115,food_insecurity_rate,South
46021,unemployment_rate,Midwest
04015,food_insecurity_rate,West
26021,poverty_rate,Midwest
29035,poverty_rate,Midwest
48159,food_insecurity_rate,South
48375,poverty_rate,South
13123,food_insecurity_rate,South
22087,poverty_rate,South
12086,food_insecurity_rate,South
48127,poverty_rate,South
38063,feci,Midwest
13109,poverty_rate,South
39043,food_insecurity_rate,Midwest
36033,poverty_rate,Northeast
51720,poverty_rate,South
18001,food_insecurity_rate,Midwest
41045,snap_rate,West
02170,fastfood_density,West
28077,poverty_rate,South
13083,food_insecurity_rate,South
51683,snap_rate,South
48121,food_insecurity_rate,South
40089,poverty_rate,South
22095,snap_rate,South
17029,poverty_rate,Midwest
39051,food_insecurity_rate,Midwest
22117,poverty_rate,South
37127,poverty_rate,South
02180,poverty_rate,West
56045,food_insecurity_rate,West
22065,poverty_rate,South
37033,poverty_rate,South
37135,unemployment_rate,South
31147,median_income,Midwest
20159,food_desert_index,Midwest
55063,pct_agri_sector,Midwest
12113,food_insecurity_rate,South
48307,food_insecurity_rate,South
39161,food_insecurity_rate,Midwest
29007,poverty_rate,Midwest
12081,food_insecurity_rate,South
28147,poverty_rate,South
48107,poverty_rate,South
51111,snap_rate,South
45005,poverty_rate,South
20123,feci,Midwest
01053,poverty_rate,South
13321,poverty_rate,South
27011,fastfood_density,Midwest
05059,median_income,South
13151,food_insecurity_rate,South
48165,food_insecurity_rate,South
51079,snap_rate,South
47029,poverty_rate,South
54039,snap_rate,South
08115,median_income,West
19181,unemployment_rate,Midwest
27047,pct_mfg_sector,Midwest
55069,unemployment_rate,Midwest
48133,median_income,South
51029,snap_rate,South
35023,poverty_rate,West
12055,food_insecurity_rate,South
33003,pct_mfg_sector,Northeast
22053,poverty_rate,South
48039,food_insecurity_rate,South
13299,poverty_rate,South
48137,poverty_rate,South
48283,poverty_rate,South
17097,snap_rate,Midwest
18139,food_insecurity_rate,Midwest
37021,pct_agri_sector,South
51025,snap_rate,South
41067,snap_rate,West
48481,food_insecurity_rate,South
17145,snap_rate,Midwest
12133,food_insecurity_rate,South
51630,snap_rate,South
31109,food_desert_index,Midwest
19027,pct_foodsvc_sector,Midwest
33007,food_desert_index,Northeast
31063,pct_agri_sector,Midwest
12039,poverty_rate,South
36117,unemployment_rate,Northeast
51185,poverty_rate,South
47107,food_insecurity_rate,South
13157,food_insecurity_rate,South
54083,snap_rate,South
20143,unemployment_rate,Midwest
22003,median_income,South
30103,food_desert_index,West
40107,poverty_rate,South
06099,food_desert_index,West
46055,food_desert_index,Midwest
12045,food_insecurity_rate,South
26159,food_insecurity_rate,Midwest
37039,median_income,South
27125,grocery_density,Midwest
20137,median_income,Midwest
31185,grocery_density,Midwest
16013,fastfood_density,West
17175,snap_rate,Midwest
24009,pct_agri_sector,South
47011,food_insecurity_rate,South
47059,food_insecurity_rate,South
13309,median_income,South
06015,food_desert_index,West
20067,pct_foodsvc_sector,Midwest
26111,food_insecurity_rate,Midwest
22107,poverty_rate,South
48447,food_insecurity_rate,South
19119,pct_agri_sector,Midwest
29099,grocery_density,Midwest
48215,poverty_rate,South
05003,poverty_rate,South
48337,food_insecurity_rate,South
08111,poverty_rate,West
34003,fastfood_density,Northeast
06025,poverty_rate,West
55001,feci,Midwest
37137,unemployment_rate,South
20051,poverty_rate,Midwest
47119,food_insecurity_rate,South
51149,snap_rate,South
48385,median_income,South
27085,pct_mfg_sector,Midwest
47133,food_insecurity_rate,South
53073,unemployment_rate,West
53071,food_desert_index,West
51700,snap_rate,South
48403,food_insecurity_rate,South
51085,snap_rate,South
32021,poverty_rate,West
13035,food_insecurity_rate,South
18179,food_insecurity_rate,Midwest
16025,food_desert_index,West
30037,poverty_rate,West
20041,unemployment_rate,Midwest
29019,poverty_rate,Midwest
47005,food_insecurity_rate,South
37183,feci,South
37145,poverty_rate,South
05007,unemployment_rate,South
04001,poverty_rate,West
18057,food_insecurity_rate,Midwest
04011,food_insecurity_rate,West
28031,poverty_rate,South
17071,snap_rate,Midwest
04012,poverty_rate,West
08087,food_desert_index,West
20027,pct_agri_sector,Midwest
12097,food_insecurity_rate,South
47079,food_insecurity_rate,South
27017,pct_agri_sector,Midwest
31049,food_desert_index,Midwest
12013,poverty_rate,South
35055,snap_rate,West
38021,pct_agri_sector,Midwest
48015,food_insecurity_rate,South
48147,food_insecurity_rate,South
34011,poverty_rate,Northeast
17159,snap_rate,Midwest
04013,food_insecurity_rate,West
02070,poverty_rate,West
12087,food_insecurity_rate,South
47175,food_insecurity_rate,South
31165,median_income,Midwest
56017,fastfood_density,West
46081,fastfood_density,Midwest
13047,food_insecurity_rate,South
37133,pct_agri_sector,South
27131,unemployment_rate,Midwest
37153,poverty_rate,South
02282,feci,West
37121,feci,South
16011,fastfood_density,West
17125,snap_rate,Midwest
49011,food_insecurity_rate,West
06001,food_insecurity_rate,West
17043,snap_rate,Midwest
48065,food_insecurity_rate,South
12107,poverty_rate,South
05043,poverty_rate,South
17165,poverty_rate,Midwest
39023,food_insecurity_rate,Midwest
48243,poverty_rate,South
53015,food_desert_index,West
13267,poverty_rate,South
05095,poverty_rate,South
20083,feci,Midwest
51191,snap_rate,South
38015,unemployment_rate,Midwest
13019,poverty_rate,South
45053,poverty_rate,South
13115,food_insecurity_rate,South
48071,food_insecurity_rate,South
13239,median_income,South
26161,food_insecurity_rate,Midwest
19145,pct_mfg_sector,Midwest
06019,poverty_rate,West
48143,food_insecurity_rate,South
51173,snap_rate,South
31143,feci,Midwest
37091,median_income,South
05105,feci,South
18069,food_insecurity_rate,Midwest
47155,food_insecurity_rate,South
08059,feci,West
09180,unemployment_rate,Northeast
54009,snap_rate,South
55051,unemployment_rate,Midwest
36119,pct_foodsvc_sector,Northeast
38099,pct_agri_sector,Midwest
20017,median_income,Midwest
24003,fastfood_density,South
38081,pct_mfg_sector,Midwest
48195,food_insecurity_rate,South
27143,pct_agri_sector,Midwest
35015,snap_rate,West
47095,median_income,South
08065,feci,West
31137,fastfood_density,Midwest
31101,rucc_code,Midwest
13263,poverty_rate,South
40059,rucc_code,South
13295,food_insecurity_rate,South
37077,unemployment_rate,South
04005,poverty_rate,West
40005,median_income,South
39111,food_insecurity_rate,Midwest
23013,fastfood_density,Northeast
24015,feci,South
47165,food_insecurity_rate,South
44001,unemployment_rate,Northeast
26011,food_insecurity_rate,Midwest
18113,food_insecurity_rate,Midwest
08041,food_desert_index,West
54089,snap_rate,South
17187,snap_rate,Midwest
17081,snap_rate,Midwest
30015,food_desert_index,West
06009,feci,West
47019,food_insecurity_rate,South
51600,snap_rate,South
37113,median_income,South
37131,poverty_rate,South
46111,pct_agri_sector,Midwest
48401,food_insecurity_rate,South
27123,food_desert_index,Midwest
51179,snap_rate,South
27031,food_desert_index,Midwest
20007,poverty_rate,Midwest
09120,feci,Northeast
31003,pct_foodsvc_sector,Midwest
18125,food_insecurity_rate,Midwest
30047,poverty_rate,West
29171,poverty_rate,Midwest
17053,food_desert_index,Midwest
48377,poverty_rate,South
30065,poverty_rate,West
08013,unemployment_rate,West
17059,snap_rate,Midwest
01105,poverty_rate,South
20171,fastfood_density,Midwest
29149,poverty_rate,Midwest
19189,pct_mfg_sector,Midwest
22101,poverty_rate,South
26027,food_insecurity_rate,Midwest
46127,snap_rate,Midwest
29065,median_income,Midwest
27111,food_desert_index,Midwest
51089,snap_rate,South
54071,snap_rate,South
54027,snap_rate,South
29045,median_income,Midwest
46129,poverty_rate,Midwest
20109,feci,Midwest
40113,fastfood_density,South
51083,poverty_rate,South
48181,food_insecurity_rate,South
48285,food_insecurity_rate,South
13011,food_insecurity_rate,South
05081,median_income,South
47097,food_insecurity_rate,South
28159,poverty_rate,South
30083,fastfood_density,West
55137,unemployment_rate,Midwest
48323,poverty_rate,South
22043,snap_rate,South
02122,pct_agri_sector,West
16053,poverty_rate,West
51121,poverty_rate,South
48017,food_insecurity_rate,South
46017,poverty_rate,Midwest
54095,snap_rate,South
17077,poverty_rate,Midwest
48123,food_insecurity_rate,South
05083,median_income,South
38095,feci,Midwest
01125,food_insecurity_rate,South
29187,median_income,Midwest
48361,food_insecurity_rate,South
46029,pct_foodsvc_sector,Midwest
39041,food_insecurity_rate,Midwest
40083,grocery_density,South
34013,poverty_rate,Northeast
49009,food_insecurity_rate,West
29071,pct_mfg_sector,Midwest
50003,unemployment_rate,Northeast
20001,fastfood_density,Midwest
20135,feci,Midwest
08073,median_income,West
17051,snap_rate,Midwest
31075,food_desert_index,Midwest
53047,poverty_rate,West
31087,median_income,Midwest
51117,snap_rate,South
01085,poverty_rate,South
31041,food_desert_index,Midwest
13199,poverty_rate,South
45069,poverty_rate,South
09140,feci,Northeast
20099,median_income,Midwest
47137,poverty_rate,South
41037,snap_rate,West
48217,food_insecurity_rate,South
51101,snap_rate,South
48067,poverty_rate,South
39037,food_insecurity_rate,Midwest
51011,snap_rate,South
39099,poverty_rate,Midwest
13017,poverty_rate,South
40069,poverty_rate,South
48109,poverty_rate,South
31033,pct_agri_sector,Midwest
06037,poverty_rate,West
29047,feci,Midwest
18021,food_insecurity_rate,Midwest
48499,food_insecurity_rate,South
40101,poverty_rate,South
17137,snap_rate,Midwest
20031,fastfood_density,Midwest
48175,food_insecurity_rate,South
31079,food_desert_index,Midwest
36101,pct_mfg_sector,Northeast
20163,pct_foodsvc_sector,Midwest
13049,poverty_rate,South
08027,food_desert_index,West
55029,unemployment_rate,Midwest
38011,fastfood_density,Midwest
49031,food_insecurity_rate,West
54053,snap_rate,South
46031,poverty_rate,Midwest
29177,feci,Midwest
47047,food_insecurity_rate,South
12077,food_insecurity_rate,South
47143,food_insecurity_rate,South
46097,unemployment_rate,Midwest
05073,poverty_rate,South
05001,poverty_rate,South
26067,food_insecurity_rate,Midwest
29095,unemployment_rate,Midwest
48303,food_insecurity_rate,South
55125,feci,Midwest
06029,poverty_rate,West
48343,poverty_rate,South
01065,poverty_rate,South
47091,food_insecurity_rate,South
38061,pct_agri_sector,Midwest
05023,median_income,South
20193,unemployment_rate,Midwest
19165,unemployment_rate,Midwest
16075,pct_agri_sector,West
19029,poverty_rate,Midwest
29195,median_income,Midwest
48211,food_insecurity_rate,South
51195,snap_rate,South
19167,pct_mfg_sector,Midwest
49029,food_insecurity_rate,West
17005,snap_rate,Midwest
17045,snap_rate,Midwest
49019,food_insecurity_rate,West
24017,pct_agri_sector,South
18039,food_insecurity_rate,Midwest
30049,unemployment_rate,West
18087,food_insecurity_rate,Midwest
05071,poverty_rate,South
17127,snap_rate,Midwest
24001,poverty_rate,South
55061,pct_mfg_sector,Midwest
49017,food_insecurity_rate,West
37155,poverty_rate,South
54045,snap_rate,South
20011,food_desert_index,Midwest
06021,food_desert_index,West
06039,poverty_rate,West
48345,food_insecurity_rate,South
51163,snap_rate,South
46047,poverty_rate,Midwest
47073,food_insecurity_rate,South
51710,snap_rate,South
08093,pct_agri_sector,West
20089,median_income,Midwest
13159,food_insecurity_rate,South
51640,poverty_rate,South
29229,median_income,Midwest
29053,unemployment_rate,Midwest
54017,snap_rate,South
01131,poverty_rate,South
02195,fastfood_density,West
48151,food_insecurity_rate,South
29121,feci,Midwest
13235,food_insecurity_rate,South
45029,poverty_rate,South
28163,poverty_rate,South
51065,snap_rate,South
45079,poverty_rate,South
28059,poverty_rate,South
53065,food_desert_index,West
13091,poverty_rate,South
17135,snap_rate,Midwest
13021,poverty_rate,South
08011,poverty_rate,West
45081,poverty_rate,South
12105,food_insecurity_rate,South
30107,poverty_rate,West
30019,rucc_code,West
55011,pct_mfg_sector,Midwest
48081,median_income,South
48201,poverty_rate,South
31129,unemployment_rate,Midwest
48007,poverty_rate,South
13301,poverty_rate,South
19115,pct_mfg_sector,Midwest
30021,unemployment_rate,West
27161,food_desert_index,Midwest
53039,food_desert_index,West
32005,snap_rate,West
48103,food_insecurity_rate,South
12117,food_insecurity_rate,South
31099,feci,Midwest
27103,feci,Midwest
55129,pct_mfg_sector,Midwest
48497,food_insecurity_rate,South
37187,poverty_rate,South
48033,food_insecurity_rate,South
54081,snap_rate,South
27041,pct_mfg_sector,Midwest
26037,food_insecurity_rate,Midwest
24043,unemployment_rate,South
08119,feci,West
27119,fastfood_density,Midwest
40037,grocery_density,South
22081,poverty_rate,South
34029,food_desert_index,Northeast
38025,feci,Midwest
19083,pct_foodsvc_sector,Midwest
53063,food_desert_index,West
28047,poverty_rate,South
28121,feci,South
29127,pct_agri_sector,Midwest
45049,median_income,South
46093,fastfood_density,Midwest
05109,poverty_rate,South
19121,unemployment_rate,Midwest
22103,snap_rate,South
13077,food_insecurity_rate,South
37103,poverty_rate,South
20021,food_desert_index,Midwest
47145,food_insecurity_rate,South
17129,snap_rate,Midwest
20129,food_desert_index,Midwest
16005,food_desert_index,West
19087,feci,Midwest
28063,poverty_rate,South
18009,food_insecurity_rate,Midwest
48399,food_insecurity_rate,South
36097,poverty_rate,Northeast
29069,poverty_rate,Midwest
47041,poverty_rate,South
48435,food_insecurity_rate,South
17189,snap_rate,Midwest
36077,food_desert_index,Northeast
26131,median_income,Midwest
45021,poverty_rate,South
32023,snap_rate,West
35041,poverty_rate,West
18167,poverty_rate,Midwest
40105,median_income,South
29155,poverty_rate,Midwest
13095,poverty_rate,South
19117,poverty_rate,Midwest
19153,unemployment_rate,Midwest
28011,poverty_rate,South
16037,food_desert_index,West
19151,feci,Midwest
29005,pct_agri_sector,Midwest
46099,food_desert_index,Midwest
18051,food_insecurity_rate,Midwest
50001,fastfood_density,Northeast
17019,poverty_rate,Midwest
17095,median_income,Midwest
45071,food_insecurity_rate,South
48085,food_insecurity_rate,South
38037,poverty_rate,Midwest
38039,fastfood_density,Midwest
37105,poverty_rate,South
29001,poverty_rate,Midwest
36011,unemployment_rate,Northeast
06081,food_insecurity_rate,West
54077,snap_rate,South
37089,unemployment_rate,South
51735,snap_rate,South
16087,median_income,West
40047,fastfood_density,South
55043,fastfood_density,Midwest
26107,poverty_rate,Midwest
45085,poverty_rate,South
48451,food_insecurity_rate,South
20025,feci,Midwest
39007,poverty_rate,Midwest
37023,poverty_rate,South
32009,poverty_rate,West
50021,unemployment_rate,Northeast
26149,food_insecurity_rate,Midwest
26125,food_insecurity_rate,Midwest
46079,snap_rate,Midwest
35045,poverty_rate,West
36079,feci,Northeast
29049,unemployment_rate,Midwest
19143,poverty_rate,Midwest
13219,food_insecurity_rate,South
13259,median_income,South
29145,unemployment_rate,Midwest
35006,poverty_rate,West
20205,poverty_rate,Midwest
46135,food_desert_index,Midwest
29087,pct_agri_sector,Midwest
29015,median_income,Midwest
13171,food_insecurity_rate,South
27105,food_desert_index,Midwest
26083,median_income,Midwest
20155,unemployment_rate,Midwest
17063,snap_rate,Midwest
48489,poverty_rate,South
39157,food_insecurity_rate,Midwest
46053,median_income,Midwest
05013,pct_agri_sector,South
19113,feci,Midwest
55103,food_desert_index,Midwest
48075,food_insecurity_rate,South
29157,pct_mfg_sector,Midwest
22047,snap_rate,South
04019,food_insecurity_rate,West
53043,food_desert_index,West
28027,poverty_rate,South
38001,feci,Midwest
05035,poverty_rate,South
12099,food_insecurity_rate,South
13311,food_insecurity_rate,South
33011,unemployment_rate,Northeast
37027,median_income,South
31151,food_desert_index,Midwest
35017,poverty_rate,West
22109,snap_rate,South
01111,food_insecurity_rate,South
28029,poverty_rate,South
19079,pct_mfg_sector,Midwest
19043,pct_agri_sector,Midwest
47003,food_insecurity_rate,South
38031,unemployment_rate,Midwest
29169,fastfood_density,Midwest
51690,poverty_rate,South
19013,unemployment_rate,Midwest
37069,pct_agri_sector,South
26151,food_insecurity_rate,Midwest
16085,fastfood_density,West
39031,poverty_rate,Midwest
26155,food_insecurity_rate,Midwest
02290,poverty_rate,West
16047,poverty_rate,West
26003,food_insecurity_rate,Midwest
28153,poverty_rate,South
18097,food_insecurity_rate,Midwest
37051,poverty_rate,South
18181,food_insecurity_rate,Midwest
22027,poverty_rate,South
53005,food_desert_index,West
20101,median_income,Midwest
29073,pct_mfg_sector,Midwest
27003,feci,Midwest
40033,poverty_rate,South
39159,food_insecurity_rate,Midwest
46069,feci,Midwest
54007,snap_rate,South
24047,fastfood_density,South
01023,poverty_rate,South
40149,pct_foodsvc_sector,South
01025,poverty_rate,South
39079,food_insecurity_rate,Midwest
08069,grocery_density,West
27045,pct_foodsvc_sector,Midwest
12111,food_insecurity_rate,South
27163,feci,Midwest
13207,food_insecurity_rate,South
29033,fastfood_density,Midwest
30023,poverty_rate,West
19053,feci,Midwest
28045,food_insecurity_rate,South
24045,food_desert_index,South
12027,poverty_rate,South
47017,food_insecurity_rate,South
40043,pct_agri_sector,South
27025,pct_agri_sector,Midwest
40045,food_desert_index,South
17131,snap_rate,Midwest
30031,fastfood_density,West
47153,poverty_rate,South
55005,unemployment_rate,Midwest
46051,pct_agri_sector,Midwest
48453,food_insecurity_rate,South
40143,poverty_rate,South
13283,poverty_rate,South
17107,snap_rate,Midwest
17089,snap_rate,Midwest
04017,poverty_rate,West
13247,food_insecurity_rate,South
36061,fastfood_density,Northeast
47125,food_insecurity_rate,South
31093,pct_agri_sector,Midwest
55101,unemployment_rate,Midwest
13177,food_insecurity_rate,South
53059,fastfood_density,West
02068,fastfood_density,West
37059,unemployment_rate,South
17113,snap_rate,Midwest
26017,food_insecurity_rate,Midwest
30071,unemployment_rate,West
31069,median_income,Midwest
05119,poverty_rate,South
40067,poverty_rate,South
48427,poverty_rate,South
41051,snap_rate,West
17067,snap_rate,Midwest
47083,food_insecurity_rate,South
13237,poverty_rate,South
48389,poverty_rate,South
20209,poverty_rate,Midwest
38079,poverty_rate,Midwest
53001,poverty_rate,West
51840,poverty_rate,South
37047,poverty_rate,South
24039,poverty_rate,South
28133,poverty_rate,South
41071,snap_rate,West
48289,food_insecurity_rate,South
41007,snap_rate,West
37063,fastfood_density,South
33005,unemployment_rate,Northeast
38007,feci,Midwest
05011,poverty_rate,South
34005,food_desert_index,Northeast
55077,unemployment_rate,Midwest
37013,poverty_rate,South
51143,snap_rate,South
51660,poverty_rate,South
25021,pct_agri_sector,Northeast
39029,food_insecurity_rate,Midwest
30101,median_income,West
37045,poverty_rate,South
51760,poverty_rate,South
55115,pct_mfg_sector,Midwest
55123,food_desert_index,Midwest
19091,pct_foodsvc_sector,Midwest
22017,poverty_rate,South
48185,food_insecurity_rate,South
55085,pct_agri_sector,Midwest
22111,poverty_rate,South
17021,snap_rate,Midwest
54041,snap_rate,South
48267,food_insecurity_rate,South
38057,pct_agri_sector,Midwest
45065,poverty_rate,South
09110,feci,Northeast
35003,poverty_rate,West
31057,food_desert_index,Midwest
53041,feci,West
27171,grocery_density,Midwest
28039,poverty_rate,South
28065,poverty_rate,South
12103,food_insecurity_rate,South
46107,unemployment_rate,Midwest
17065,snap_rate,Midwest
40147,grocery_density,South
49049,food_insecurity_rate,West
48391,poverty_rate,South
36001,fastfood_density,Northeast
28049,poverty_rate,South
08003,poverty_rate,West
19003,pct_mfg_sector,Midwest
19033,fastfood_density,Midwest
08117,fastfood_density,West
27091,food_desert_index,Midwest
13087,poverty_rate,South
05121,poverty_rate,South
08025,median_income,West
54067,snap_rate,South
08063,fastfood_density,West
31025,grocery_density,Midwest
13167,food_insecurity_rate,South
19139,pct_mfg_sector,Midwest
17199,snap_rate,Midwest
55047,pct_mfg_sector,Midwest
48437,poverty_rate,South
13065,poverty_rate,South
01007,food_insecurity_rate,South
05025,median_income,South
15003,fastfood_density,West
55075,pct_mfg_sector,Midwest
50023,unemployment_rate,Northeast
48047,poverty_rate,South
40077,poverty_rate,South
50007,unemployment_rate,Northeast
40093,fastfood_density,South
19099,unemployment_rate,Midwest
48479,poverty_rate,South
02158,poverty_rate,West
41001,snap_rate,West
47113,poverty_rate,South
23003,median_income,Northeast
40137,poverty_rate,South
19161,fastfood_density,Midwest
35043,snap_rate,West
48229,median_income,South
22075,snap_rate,South
37031,unemployment_rate,South
37107,poverty_rate,South
24035,feci,South
28145,pct_mfg_sector,South
39175,food_insecurity_rate,Midwest
13293,poverty_rate,South
48219,food_insecurity_rate,South
55109,grocery_density,Midwest
18061,food_insecurity_rate,Midwest
29225,grocery_density,Midwest
13215,poverty_rate,South
37007,median_income,South
38013,feci,Midwest
37163,poverty_rate,South
38017,food_desert_index,Midwest
26157,food_insecurity_rate,Midwest
48197,food_insecurity_rate,South
18067,food_insecurity_rate,Midwest
06043,fastfood_density,West
50017,unemployment_rate,Northeast
45039,median_income,South
56043,feci,West
47013,food_insecurity_rate,South
49023,food_insecurity_rate,West
39097,food_insecurity_rate,Midwest
30033,unemployment_rate,West
22011,snap_rate,South
51099,snap_rate,South
20075,feci,Midwest
37141,pct_foodsvc_sector,South
19011,pct_mfg_sector,Midwest
29063,pct_foodsvc_sector,Midwest
48249,poverty_rate,South
02240,food_desert_index,West
30085,poverty_rate,West
47101,food_insecurity_rate,South
48325,food_insecurity_rate,South
31009,food_desert_index,Midwest
16003,poverty_rate,West
48351,poverty_rate,South
18153,food_insecurity_rate,Midwest
29125,unemployment_rate,Midwest
19073,feci,Midwest
51053,snap_rate,South
25009,unemployment_rate,Northeast
47057,food_insecurity_rate,South
32033,snap_rate,West
56009,feci,West
40057,median_income,South
18003,food_insecurity_rate,Midwest
28085,poverty_rate,South
18165,food_insecurity_rate,Midwest
06003,fastfood_density,West
48357,food_insecurity_rate,South
05045,pct_agri_sector,South
48113,food_insecurity_rate,South
18043,food_insecurity_rate,Midwest
31161,pct_mfg_sector,Midwest
05051,poverty_rate,South
08123,unemployment_rate,West
06033,poverty_rate,West
47051,food_insecurity_rate,South
47035,food_insecurity_rate,South
08055,median_income,West
41069,snap_rate,West
20057,pct_mfg_sector,Midwest
51187,snap_rate,South
22071,poverty_rate,South
10003,unemployment_rate,South
13265,poverty_rate,South
22125,snap_rate,South
48319,food_insecurity_rate,South
20187,feci,Midwest
22055,poverty_rate,South
38019,fastfood_density,Midwest
39039,food_insecurity_rate,Midwest
18149,food_insecurity_rate,Midwest
38083,food_desert_index,Midwest
02164,poverty_rate,West
51610,snap_rate,South
26143,median_income,Midwest
12001,poverty_rate,South
05055,median_income,South
20093,feci,Midwest
05135,median_income,South
48471,median_income,South
48347,poverty_rate,South
13145,food_insecurity_rate,South
18151,food_insecurity_rate,Midwest
06053,unemployment_rate,West
01055,food_insecurity_rate,South
13031,poverty_rate,South
19141,pct_foodsvc_sector,Midwest
54105,snap_rate,South
30007,unemployment_rate,West
22057,poverty_rate,South
49039,food_insecurity_rate,West
12035,food_insecurity_rate,South
05127,median_income,South
48431,food_insecurity_rate,South
39119,food_insecurity_rate,Midwest
41017,snap_rate,West
30081,unemployment_rate,West
41055,poverty_rate,West
20015,grocery_density,Midwest
48023,poverty_rate,South
01133,food_insecurity_rate,South
13317,food_insecurity_rate,South
55117,pct_mfg_sector,Midwest
20203,feci,Midwest
01079,food_insecurity_rate,South
40013,poverty_rate,South
22013,poverty_rate,South
37055,fastfood_density,South
48507,poverty_rate,South
39075,food_insecurity_rate,Midwest
56029,food_insecurity_rate,West
24510,poverty_rate,South
39129,food_insecurity_rate,Midwest
17057,snap_rate,Midwest
27037,feci,Midwest
48459,food_insecurity_rate,South
29117,food_desert_index,Midwest
55141,food_desert_index,Midwest
18175,food_insecurity_rate,Midwest
48295,food_insecurity_rate,South
51678,snap_rate,South
29167,poverty_rate,Midwest
37181,poverty_rate,South
39117,food_insecurity_rate,Midwest
29077,pct_agri_sector,Midwest
22029,poverty_rate,South
19061,unemployment_rate,Midwest
51199,snap_rate,South
48179,food_insecurity_rate,South
40097,poverty_rate,South
37143,unemployment_rate,South
27145,unemployment_rate,Midwest
53029,unemployment_rate,West
08107,unemployment_rate,West
38043,food_desert_index,Midwest
18173,food_insecurity_rate,Midwest
16019,feci,West
22031,poverty_rate,South
02066,pct_agri_sector,West
08021,median_income,West
48059,food_insecurity_rate,South
26019,food_insecurity_rate,Midwest
48465,poverty_rate,South
17141,snap_rate,Midwest
26103,food_insecurity_rate,Midwest
27033,pct_agri_sector,Midwest
20181,food_desert_index,Midwest
29219,grocery_density,Midwest
41003,poverty_rate,West
39049,food_insecurity_rate,Midwest
18045,food_insecurity_rate,Midwest
18037,food_insecurity_rate,Midwest
17047,poverty_rate,Midwest
48383,food_insecurity_rate,South
29059,poverty_rate,Midwest
30005,poverty_rate,West
28111,poverty_rate,South
27079,pct_mfg_sector,Midwest
54049,snap_rate,South
54021,snap_rate,South
53061,pct_agri_sector,West
13241,food_insecurity_rate,South
48129,food_insecurity_rate,South
05029,poverty_rate,South
36055,unemployment_rate,Northeast
18029,food_insecurity_rate,Midwest
38033,poverty_rate,Midwest
22115,poverty_rate,South
13079,food_insecurity_rate,South
28003,median_income,South
39019,food_insecurity_rate,Midwest
06031,poverty_rate,West
22005,snap_rate,South
38041,food_desert_index,Midwest
27009,food_desert_index,Midwest
12051,poverty_rate,South
49055,food_insecurity_rate,West
12073,poverty_rate,South
47075,poverty_rate,South
26061,food_insecurity_rate,Midwest
23009,fastfood_density,Northeast
13067,food_insecurity_rate,South
48043,food_insecurity_rate,South
46039,pct_agri_sector,Midwest
13103,food_insecurity_rate,South
30035,poverty_rate,West
18135,food_insecurity_rate,Midwest
22073,poverty_rate,South
16041,pct_mfg_sector,West
18133,food_insecurity_rate,Midwest
13107,poverty_rate,South
48341,food_insecurity_rate,South
29161,poverty_rate,Midwest
36057,poverty_rate,Northeast
55057,food_desert_index,Midwest
17163,snap_rate,Midwest
47163,food_insecurity_rate,South
48263,food_insecurity_rate,South
35051,poverty_rate,West
48117,median_income,South
04003,food_insecurity_rate,West
18143,food_insecurity_rate,Midwest
29183,unemployment_rate,Midwest
48035,food_insecurity_rate,South
44005,pct_agri_sector,Northeast
19049,unemployment_rate,Midwest
25001,snap_rate,Northeast
48467,food_insecurity_rate,South
06045,poverty_rate,West
38053,feci,Midwest
28155,fastfood_density,South
18177,food_insecurity_rate,Midwest
41061,snap_rate,West
18083,food_insecurity_rate,Midwest
34001,food_desert_index,Northeast
26127,food_insecurity_rate,Midwest
19007,poverty_rate,Midwest
46043,unemployment_rate,Midwest
39077,food_insecurity_rate,Midwest
26115,food_insecurity_rate,Midwest
01069,poverty_rate,South
28083,poverty_rate,South
34023,pct_agri_sector,Northeast
51131,snap_rate,South
49057,food_insecurity_rate,West
51109,snap_rate,South
28143,poverty_rate,South
05085,grocery_density,South
39059,food_insecurity_rate,Midwest
40145,unemployment_rate,South
18015,food_insecurity_rate,Midwest
28103,poverty_rate,South
18163,food_insecurity_rate,Midwest
54005,snap_rate,South
24019,poverty_rate,South
05019,poverty_rate,South
24021,unemployment_rate,South
16065,poverty_rate,West
36075,poverty_rate,Northeast
05065,poverty_rate,South
26121,food_insecurity_rate,Midwest
13089,food_insecurity_rate,South
47177,food_insecurity_rate,South
38105,pct_foodsvc_sector,Midwest
39017,food_insecurity_rate,Midwest
48297,food_insecurity_rate,South
29189,unemployment_rate,Midwest
49015,food_insecurity_rate,West
19109,pct_mfg_sector,Midwest
39115,food_insecurity_rate,Midwest
54109,poverty_rate,South
38103,fastfood_density,Midwest
13055,poverty_rate,South
30061,poverty_rate,West
19193,unemployment_rate,Midwest
19021,pct_mfg_sector,Midwest
20189,poverty_rate,Midwest
19169,poverty_rate,Midwest
31135,feci,Midwest
39143,food_insecurity_rate,Midwest
35001,snap_rate,West
26053,median_income,Midwest
20103,fastfood_density,Midwest
48331,food_insecurity_rate,South
02185,fastfood_density,West
27133,grocery_density,Midwest
49045,food_insecurity_rate,West
13275,poverty_rate,South
13303,median_income,South
16061,median_income,West
39163,food_insecurity_rate,Midwest
37037,unemployment_rate,South
29221,poverty_rate,Midwest
56011,food_insecurity_rate,West
19001,unemployment_rate,Midwest
06049,poverty_rate,West
06063,pct_mfg_sector,West
06067,food_insecurity_rate,West
18161,food_insecurity_rate,Midwest
36031,unemployment_rate,Northeast
27121,feci,Midwest
48305,food_insecurity_rate,South
20201,food_desert_index,Midwest
40135,poverty_rate,South
51159,snap_rate,South
35033,poverty_rate,West
22033,poverty_rate,South
48173,food_insecurity_rate,South
37117,poverty_rate,South
30111,feci,West
26041,food_insecurity_rate,Midwest
06069,food_desert_index,West
48161,food_insecurity_rate,South
45007,food_insecurity_rate,South
05145,median_income,South
06077,snap_rate,West
26045,food_insecurity_rate,Midwest
51075,snap_rate,South
01035,poverty_rate,South
01099,poverty_rate,South
19039,unemployment_rate,Midwest
30069,feci,West
05057,poverty_rate,South
47111,food_insecurity_rate,South
13029,food_insecurity_rate,South
55095,pct_mfg_sector,Midwest
47061,food_insecurity_rate,South
25007,fastfood_density,Northeast
55105,food_desert_index,Midwest
37081,poverty_rate,South
48013,food_insecurity_rate,South
51147,snap_rate,South
36023,feci,Northeast
54023,snap_rate,South
48083,median_income,South
29137,median_income,Midwest
48141,poverty_rate,South
40041,poverty_rate,South
28131,poverty_rate,South
13053,food_insecurity_rate,South
27077,pct_mfg_sector,Midwest
01119,poverty_rate,South
48019,food_insecurity_rate,South
22091,poverty_rate,South
27115,fastfood_density,Midwest
17025,poverty_rate,Midwest
26075,food_insecurity_rate,Midwest
05097,poverty_rate,South
19085,unemployment_rate,Midwest
30059,food_desert_index,West
05047,poverty_rate,South
22069,poverty_rate,South
48287,food_insecurity_rate,South
12007,food_insecurity_rate,South
29023,poverty_rate,Midwest
13137,food_insecurity_rate,South
16083,fastfood_density,West
51001,snap_rate,South
13221,food_insecurity_rate,South
45037,food_insecurity_rate,South
18099,food_insecurity_rate,Midwest
31043,food_desert_index,Midwest
53023,feci,West
31083,feci,Midwest
28095,median_income,South
27057,food_desert_index,Midwest
31113,feci,Midwest
13071,poverty_rate,South
55007,feci,Midwest
48005,food_insecurity_rate,South
29039,median_income,Midwest
38047,feci,Midwest
17087,snap_rate,Midwest
13245,poverty_rate,South
37075,median_income,South
13059,poverty_rate,South
29203,poverty_rate,Midwest
31091,median_income,Midwest
38073,feci,Midwest
02105,unemployment_rate,West
29197,food_desert_index,Midwest
34027,fastfood_density,Northeast
46071,poverty_rate,Midwest
40049,pct_agri_sector,South
13129,food_insecurity_rate,South
38089,unemployment_rate,Midwest
19195,pct_mfg_sector,Midwest
09190,pct_agri_sector,Northeast
48269,food_insecurity_rate,South
30089,median_income,West
29075,pct_agri_sector,Midwest
39169,food_insecurity_rate,Midwest
46065,unemployment_rate,Midwest
13025,food_insecurity_rate,South
18091,food_insecurity_rate,Midwest
36019,unemployment_rate,Northeast
55017,grocery_density,Midwest
13143,food_insecurity_rate,South
46123,poverty_rate,Midwest
28069,poverty_rate,South
06083,food_insecurity_rate,West
13273,poverty_rate,South
27109,pct_agri_sector,Midwest
15009,pct_agri_sector,West
28097,poverty_rate,South
13009,poverty_rate,South
20081,feci,Midwest
18183,food_insecurity_rate,Midwest
37171,poverty_rate,South
32017,snap_rate,West
51510,snap_rate,South
48379,food_insecurity_rate,South
19097,feci,Midwest
20087,feci,Midwest
56021,feci,West
17055,median_income,Midwest
13135,food_insecurity_rate,South
27089,pct_agri_sector,Midwest
41005,snap_rate,West
20161,poverty_rate,Midwest
31175,unemployment_rate,Midwest
30001,food_desert_index,West
54025,snap_rate,South
35057,poverty_rate,West
34019,unemployment_rate,Northeast
13233,poverty_rate,South
51685,snap_rate,South
55119,pct_mfg_sector,Midwest
28067,poverty_rate,South
39113,food_insecurity_rate,Midwest
31031,unemployment_rate,Midwest
36091,unemployment_rate,Northeast
18055,food_insecurity_rate,Midwest
29061,pct_agri_sector,Midwest
31117,feci,Midwest
48155,poverty_rate,South
27141,fastfood_density,Midwest
51031,snap_rate,South
26105,poverty_rate,Midwest
13261,poverty_rate,South
13147,food_insecurity_rate,South
49003,food_insecurity_rate,West
22051,poverty_rate,South
12123,median_income,South
26007,median_income,Midwest
30077,feci,West
19163,food_desert_index,Midwest
51197,snap_rate,South
31019,food_desert_index,Midwest
46105,feci,Midwest
12131,food_insecurity_rate,South
39167,food_insecurity_rate,Midwest
36053,unemployment_rate,Northeast
31005,feci,Midwest
36039,unemployment_rate,Northeast
49027,food_insecurity_rate,West
40127,poverty_rate,South
22079,poverty_rate,South
19103,poverty_rate,Midwest
12059,food_insecurity_rate,South
41065,snap_rate,West
29213,fastfood_density,Midwest
48457,poverty_rate,South
27015,pct_mfg_sector,Midwest
48419,poverty_rate,South
39155,food_insecurity_rate,Midwest
05133,poverty_rate,South
25025,poverty_rate,Northeast
40085,feci,South
48365,food_insecurity_rate,South
33015,fastfood_density,Northeast
20047,median_income,Midwest
17099,snap_rate,Midwest
13255,poverty_rate,South
37149,unemployment_rate,South
39057,food_insecurity_rate,Midwest
19095,pct_mfg_sector,Midwest
13185,poverty_rate,South
12127,food_insecurity_rate,South
12071,food_insecurity_rate,South
31157,grocery_density,Midwest
45003,food_insecurity_rate,South
31067,food_desert_index,Midwest
13093,food_insecurity_rate,South
28157,poverty_rate,South
47103,food_insecurity_rate,South
12083,food_insecurity_rate,South
29043,grocery_density,Midwest
16035,pct_mfg_sector,West
20079,unemployment_rate,Midwest
38009,pct_agri_sector,Midwest
19045,feci,Midwest
27075,food_desert_index,Midwest
29057,median_income,Midwest
47139,food_insecurity_rate,South
37001,unemployment_rate,South
48469,food_insecurity_rate,South
40073,pct_agri_sector,South
05075,median_income,South
51175,snap_rate,South
45017,poverty_rate,South
32003,snap_rate,West
17069,snap_rate,Midwest
46033,pct_agri_sector,Midwest
28161,poverty_rate,South
47151,poverty_rate,South
04007,food_insecurity_rate,West
31125,poverty_rate,Midwest
01095,food_insecurity_rate,South
40053,pct_agri_sector,South
01041,food_insecurity_rate,South
32031,snap_rate,West
36017,pct_mfg_sector,Northeast
17197,snap_rate,Midwest
19129,feci,Midwest
28005,poverty_rate,South
12093,poverty_rate,South
55091,feci,Midwest
55021,unemployment_rate,Midwest
38097,pct_agri_sector,Midwest
51167,poverty_rate,South
55135,pct_mfg_sector,Midwest
29079,median_income,Midwest
37049,fastfood_density,South
05049,median_income,South
04027,poverty_rate,West
19175,median_income,Midwest
48203,poverty_rate,South
49051,food_insecurity_rate,West
51051,poverty_rate,South
28101,poverty_rate,South
12089,food_insecurity_rate,South
20085,grocery_density,Midwest
47055,food_insecurity_rate,South
31141,fastfood_density,Midwest
22113,poverty_rate,South
48433,food_insecurity_rate,South
19047,poverty_rate,Midwest
48101,poverty_rate,South
13191,poverty_rate,South
18111,food_insecurity_rate,Midwest
31167,unemployment_rate,Midwest
20115,pct_foodsvc_sector,Midwest
48031,food_insecurity_rate,South
31115,feci,Midwest
51043,snap_rate,South
02063,feci,West
01063,poverty_rate,South
12021,food_insecurity_rate,South
01031,food_insecurity_rate,South
31181,unemployment_rate,Midwest
56039,food_insecurity_rate,West
12115,food_insecurity_rate,South
16049,food_desert_index,West
51035,snap_rate,South
46102,poverty_rate,Midwest
48093,food_insecurity_rate,South
23017,unemployment_rate,Northeast
48207,food_insecurity_rate,South
38029,food_desert_index,Midwest
39153,food_insecurity_rate,Midwest
27129,pct_agri_sector,Midwest
36015,poverty_rate,Northeast
30043,feci,West
39133,food_insecurity_rate,Midwest
56019,pct_agri_sector,West
20191,fastfood_density,Midwest
34007,fastfood_density,Northeast
48223,food_insecurity_rate,South
18013,food_insecurity_rate,Midwest
25023,snap_rate,Northeast
40071,poverty_rate,South
53035,pct_agri_sector,West
54015,poverty_rate,South
20183,pct_agri_sector,Midwest
54031,snap_rate,South
13277,poverty_rate,South
46013,unemployment_rate,Midwest
39063,food_insecurity_rate,Midwest
41013,snap_rate,West
29165,grocery_density,Midwest
19123,pct_mfg_sector,Midwest
48311,median_income,South
36007,poverty_rate,Northeast
54055,snap_rate,South
02100,fastfood_density,West
48171,food_insecurity_rate,South
40131,grocery_density,South
56031,food_insecurity_rate,West
51073,snap_rate,South
08005,unemployment_rate,West
22035,poverty_rate,South
36037,unemployment_rate,Northeast
26023,poverty_rate,Midwest
48387,poverty_rate,South
20073,poverty_rate,Midwest
13287,poverty_rate,South
12085,food_insecurity_rate,South
55093,food_desert_index,Midwest
30045,poverty_rate,West
13013,food_insecurity_rate,South
26033,food_insecurity_rate,Midwest
13163,poverty_rate,South
02013,pct_mfg_sector,West
08113,fastfood_density,West
40129,pct_foodsvc_sector,South
27087,poverty_rate,Midwest
26101,food_insecurity_rate,Midwest
31077,pct_agri_sector,Midwest
39015,food_insecurity_rate,Midwest
48299,food_insecurity_rate,South
51580,poverty_rate,South
36121,unemployment_rate,Northeast
22067,poverty_rate,South
53069,food_desert_index,West
37139,food_desert_index,South
41021,snap_rate,West
37115,feci,South
19149,pct_foodsvc_sector,Midwest
48149,food_insecurity_rate,South
54065,snap_rate,South
08023,poverty_rate,West
37029,unemployment_rate,South
19111,feci,Midwest
17111,snap_rate,Midwest
41019,snap_rate,West
31053,unemployment_rate,Midwest
26141,food_insecurity_rate,Midwest
37191,poverty_rate,South
24037,feci,South
48441,food_insecurity_rate,South
13005,poverty_rate,South
48169,food_insecurity_rate,South
12053,food_insecurity_rate,South
13039,food_insecurity_rate,South
48397,food_insecurity_rate,South
48493,food_insecurity_rate,South
12091,food_insecurity_rate,South
05117,median_income,South
35009,poverty_rate,West
32007,snap_rate,West
47081,food_insecurity_rate,South
48483,food_insecurity_rate,South
31065,pct_agri_sector,Midwest
36083,food_desert_index,Northeast
13251,poverty_rate,South
08015,fastfood_density,West
51171,snap_rate,South
06085,fastfood_density,West
48183,poverty_rate,South
48443,food_insecurity_rate,South
20175,food_desert_index,Midwest
27169,food_desert_index,Midwest
29017,feci,Midwest
01001,food_insecurity_rate,South
28033,pct_agri_sector,South
18085,food_insecurity_rate,Midwest
18123,food_insecurity_rate,Midwest
20095,unemployment_rate,Midwest
27043,pct_foodsvc_sector,Midwest
29011,poverty_rate,Midwest
51730,poverty_rate,South
41027,snap_rate,West
51145,snap_rate,South
29103,median_income,Midwest
06055,unemployment_rate,West
51177,snap_rate,South
35028,snap_rate,West
51021,snap_rate,South
29139,pct_mfg_sector,Midwest
54099,snap_rate,South
20045,food_desert_index,Midwest
41035,poverty_rate,West
29199,unemployment_rate,Midwest
13205,poverty_rate,South
05031,poverty_rate,South
19157,unemployment_rate,Midwest
23019,unemployment_rate,Northeast
19071,feci,Midwest
48371,poverty_rate,South
46075,food_desert_index,Midwest
51063,snap_rate,South
24033,fastfood_density,South
37189,poverty_rate,South
37061,poverty_rate,South
47141,food_insecurity_rate,South
51093,snap_rate,South
13169,food_insecurity_rate,South
27167,unemployment_rate,Midwest
29227,median_income,Midwest
55035,grocery_density,Midwest
48439,food_insecurity_rate,South
12011,food_insecurity_rate,South
55081,food_desert_index,Midwest
16043,pct_agri_sector,West
19041,fastfood_density,Midwest
48163,food_insecurity_rate,South
19067,feci,Midwest
19131,unemployment_rate,Midwest
36025,rucc_code,Northeast
17011,snap_rate,Midwest
08009,poverty_rate,West
48011,food_insecurity_rate,South
35019,poverty_rate,West
41049,snap_rate,West
27151,food_desert_index,Midwest
37125,unemployment_rate,South
30073,poverty_rate,West
13281,food_insecurity_rate,South
48415,food_insecurity_rate,South
51153,snap_rate,South
19069,poverty_rate,Midwest
16067,poverty_rate,West
51005,snap_rate,South
04021,food_insecurity_rate,West
13111,food_insecurity_rate,South
27083,fastfood_density,Midwest
45061,poverty_rate,South
26065,food_desert_index,Midwest
45025,poverty_rate,South
47161,food_insecurity_rate,South
17033,snap_rate,Midwest
05069,poverty_rate,South
33019,food_desert_index,Northeast
48417,food_insecurity_rate,South
35061,poverty_rate,West
28019,median_income,South
51169,median_income,South
17027,snap_rate,Midwest
27063,pct_foodsvc_sector,Midwest
29025,food_desert_index,Midwest
18095,food_insecurity_rate,Midwest
26147,food_insecurity_rate,Midwest
06089,food_desert_index,West
40139,poverty_rate,South
06071,food_desert_index,West
48025,food_insecurity_rate,South
12049,poverty_rate,South
51036,snap_rate,South
12129,food_insecurity_rate,South
13209,median_income,South
45013,food_insecurity_rate,South
51095,snap_rate,South
49035,food_insecurity_rate,West
45043,food_insecurity_rate,South
39151,food_insecurity_rate,Midwest
09160,feci,Northeast
51540,poverty_rate,South
47117,food_insecurity_rate,South
05101,median_income,South
20043,pct_foodsvc_sector,Midwest
39103,food_insecurity_rate,Midwest
19137,food_desert_index,Midwest
46005,pct_mfg_sector,Midwest
13155,poverty_rate,South
48455,median_income,South
16001,grocery_density,West
12125,food_insecurity_rate,South
32011,poverty_rate,West
54097,snap_rate,South
45087,poverty_rate,South
08125,poverty_rate,West
38091,feci,Midwest
35021,poverty_rate,West
18121,food_insecurity_rate,Midwest
50025,fastfood_density,Northeast
30055,unemployment_rate,West
16017,rucc_code,West
31007,feci,Midwest
13225,poverty_rate,South
38075,unemployment_rate,Midwest
19093,pct_mfg_sector,Midwest
48425,food_insecurity_rate,South
40061,poverty_rate,South
17193,median_income,Midwest
25005,snap_rate,Northeast
17041,snap_rate,Midwest
20107,feci,Midwest
39141,food_insecurity_rate,Midwest
48055,food_insecurity_rate,South
20009,median_income,Midwest
28043,poverty_rate,South
26071,poverty_rate,Midwest
17049,snap_rate,Midwest
40063,poverty_rate,South
47171,food_insecurity_rate,South
18073,food_insecurity_rate,Midwest
19125,pct_mfg_sector,Midwest
48495,food_insecurity_rate,South
13027,poverty_rate,South
39003,food_insecurity_rate,Midwest
16023,poverty_rate,West
19177,food_desert_index,Midwest
20177,unemployment_rate,Midwest
51077,median_income,South
46073,pct_agri_sector,Midwest
56003,unemployment_rate,West
45045,food_insecurity_rate,South
47121,food_insecurity_rate,South
37009,median_income,South
55039,pct_mfg_sector,Midwest
37147,poverty_rate,South
22059,snap_rate,South
23005,unemployment_rate,Northeast
20131,unemployment_rate,Midwest
48095,food_insecurity_rate,South
26039,poverty_rate,Midwest
06073,food_insecurity_rate,West
01045,poverty_rate,South
27073,feci,Midwest
01043,food_insecurity_rate,South
47127,food_insecurity_rate,South
38005,poverty_rate,Midwest
46003,unemployment_rate,Midwest
49021,food_insecurity_rate,West
31013,pct_foodsvc_sector,Midwest
13141,poverty_rate,South
34033,pct_agri_sector,Northeast
55079,poverty_rate,Midwest
39009,poverty_rate,Midwest
16081,fastfood_density,West
45015,food_insecurity_rate,South
28009,median_income,South
28013,poverty_rate,South
51570,snap_rate,South
18071,food_insecurity_rate,Midwest
26073,poverty_rate,Midwest
55023,pct_mfg_sector,Midwest
18005,food_insecurity_rate,Midwest
40011,pct_agri_sector,South
31061,feci,Midwest
29143,poverty_rate,Midwest
55037,pct_foodsvc_sector,Midwest
40081,poverty_rate,South
48485,food_insecurity_rate,South
17149,snap_rate,Midwest
46103,unemployment_rate,Midwest
50011,fastfood_density,Northeast
13315,poverty_rate,South
20125,poverty_rate,Midwest
27155,unemployment_rate,Midwest
54057,snap_rate,South
08037,fastfood_density,West
20133,poverty_rate,Midwest
48501,food_insecurity_rate,South
48177,food_insecurity_rate,South
05061,median_income,South
40023,poverty_rate,South
37197,fastfood_density,South
27153,pct_foodsvc_sector,Midwest
55097,unemployment_rate,Midwest
40075,poverty_rate,South
08019,feci,West
54013,poverty_rate,South
53003,food_desert_index,West
51107,snap_rate,South
30013,fastfood_density,West
26123,food_insecurity_rate,Midwest
01115,food_insecurity_rate,South
05079,median_income,South
35013,poverty_rate,West
31179,food_desert_index,Midwest
05139,poverty_rate,South
48407,poverty_rate,South
48257,food_insecurity_rate,South
40027,unemployment_rate,South
22083,poverty_rate,South
47099,food_insecurity_rate,South
22105,poverty_rate,South
34015,pct_agri_sector,Northeast
45027,poverty_rate,South
41059,snap_rate,West
37093,poverty_rate,South
39123,food_insecurity_rate,Midwest
51019,snap_rate,South
28099,poverty_rate,South
17109,poverty_rate,Midwest
51135,snap_rate,South
40025,rucc_code,South
29135,fastfood_density,Midwest
20037,poverty_rate,Midwest
13179,food_insecurity_rate,South
48381,food_insecurity_rate,South
13139,food_insecurity_rate,South
39173,food_insecurity_rate,Midwest
16063,fastfood_density,West
17195,snap_rate,Midwest
17009,snap_rate,Midwest
27023,food_desert_index,Midwest
30091,unemployment_rate,West
08091,unemployment_rate,West
22045,poverty_rate,South
08085,food_desert_index,West
05053,feci,South
48503,poverty_rate,South
30079,poverty_rate,West
45089,poverty_rate,South
48237,food_insecurity_rate,South
20173,fastfood_density,Midwest
06109,fastfood_density,West
55065,feci,Midwest
36111,unemployment_rate,Northeast
19057,fastfood_density,Midwest
27139,unemployment_rate,Midwest
51091,snap_rate,South
17155,snap_rate,Midwest
20165,feci,Midwest
17201,poverty_rate,Midwest
01071,food_insecurity_rate,South
18081,food_insecurity_rate,Midwest
26069,median_income,Midwest
51041,snap_rate,South
39027,food_insecurity_rate,Midwest
53051,food_desert_index,West
17177,snap_rate,Midwest
51127,snap_rate,South
45009,poverty_rate,South
48241,poverty_rate,South
47183,poverty_rate,South
12075,food_insecurity_rate,South
29013,poverty_rate,Midwest
27051,food_desert_index,Midwest
56005,feci,West
51087,snap_rate,South
05021,median_income,South
41029,snap_rate,West
28129,poverty_rate,South
48105,food_insecurity_rate,South
05017,poverty_rate,South
50005,unemployment_rate,Northeast
13189,poverty_rate,South
13063,poverty_rate,South
55107,food_desert_index,Midwest
48157,food_insecurity_rate,South
26117,food_insecurity_rate,Midwest
39067,food_insecurity_rate,Midwest
47007,poverty_rate,South
40141,median_income,South
48329,food_insecurity_rate,South
36071,feci,Northeast
17203,snap_rate,Midwest
05015,median_income,South
31133,median_income,Midwest
51125,snap_rate,South
17101,median_income,Midwest
17037,poverty_rate,Midwest
48231,food_insecurity_rate,South
19009,median_income,Midwest
51165,snap_rate,South
51061,snap_rate,South
01129,poverty_rate,South
22049,poverty_rate,South
26129,median_income,Midwest
48221,food_insecurity_rate,South
20179,feci,Midwest
29113,grocery_density,Midwest
46019,food_desert_index,Midwest
19183,food_desert_index,Midwest
30025,unemployment_rate,West
19133,food_desert_index,Midwest
30075,pct_foodsvc_sector,West
01005,poverty_rate,South
17085,snap_rate,Midwest
20145,food_desert_index,Midwest
51033,snap_rate,South
18023,food_insecurity_rate,Midwest
55045,unemployment_rate,Midwest
48321,poverty_rate,South
40031,poverty_rate,South
27113,feci,Midwest
13211,food_insecurity_rate,South
38101,grocery_density,Midwest
13121,food_insecurity_rate,South
06065,snap_rate,West
31123,food_desert_index,Midwest
17091,snap_rate,Midwest
19089,feci,Midwest
23027,unemployment_rate,Northeast
12003,food_insecurity_rate,South
39033,food_insecurity_rate,Midwest
24011,rucc_code,South
06007,poverty_rate,West
31177,feci,Midwest
56037,food_insecurity_rate,West
26043,food_insecurity_rate,Midwest
44009,unemployment_rate,Northeast
50019,food_desert_index,Northeast
31105,feci,Midwest
12057,food_insecurity_rate,South
37161,median_income,South
54061,poverty_rate,South
01017,food_insecurity_rate,South
16059,median_income,West
41011,snap_rate,West
26001,median_income,Midwest
30041,poverty_rate,West
47045,food_insecurity_rate,South
20033,median_income,Midwest
49007,food_insecurity_rate,West
36051,unemployment_rate,Northeast
38035,food_desert_index,Midwest
53037,food_desert_index,West
05027,poverty_rate,South
49047,food_insecurity_rate,West
51670,poverty_rate,South
16051,fastfood_density,West
08109,poverty_rate,West
02050,poverty_rate,West
53017,food_desert_index,West
25011,fastfood_density,Northeast
31017,median_income,Midwest
31171,feci,Midwest
40119,poverty_rate,South
37099,poverty_rate,South
05093,poverty_rate,South
37157,poverty_rate,South
08029,pct_agri_sector,West
45055,food_insecurity_rate,South
29141,median_income,Midwest
48429,food_insecurity_rate,South
05091,poverty_rate,South
35025,poverty_rate,West
28081,unemployment_rate,South
26095,poverty_rate,Midwest
29186,pct_mfg_sector,Midwest
19159,fastfood_density,Midwest
46087,pct_agri_sector,Midwest
13187,food_insecurity_rate,South
28113,poverty_rate,South
31155,feci,Midwest
15005,poverty_rate,West
48063,poverty_rate,South
37079,poverty_rate,South
45073,poverty_rate,South
30003,poverty_rate,West
26087,food_insecurity_rate,Midwest
06013,food_insecurity_rate,West
48153,poverty_rate,South
12031,food_insecurity_rate,South
44007,feci,Northeast
28035,poverty_rate,South
48045,median_income,South
36041,fastfood_density,Northeast
36081,fastfood_density,Northeast
20065,median_income,Midwest
46041,poverty_rate,Midwest
18147,food_insecurity_rate,Midwest
31089,pct_foodsvc_sector,Midwest
30057,pct_agri_sector,West
29151,fastfood_density,Midwest
49041,food_insecurity_rate,West
31001,fastfood_density,Midwest
05039,median_income,South
47031,food_insecurity_rate,South
22127,poverty_rate,South
10001,pct_agri_sector,South
02016,pct_mfg_sector,West
29085,median_income,Midwest
20063,fastfood_density,Midwest
48363,poverty_rate,South
39131,poverty_rate,Midwest
12121,food_insecurity_rate,South
17167,snap_rate,Midwest
51103,snap_rate,South
38027,feci,Midwest
41033,snap_rate,West
47093,food_insecurity_rate,South
16057,food_desert_index,West
39091,food_insecurity_rate,Midwest
17015,snap_rate,Midwest
46121,poverty_rate,Midwest
01015,food_insecurity_rate,South
45083,food_insecurity_rate,South
30063,unemployment_rate,West
31139,pct_foodsvc_sector,Midwest
47131,food_insecurity_rate,South
54069,snap_rate,South
48235,food_insecurity_rate,South
30029,unemployment_rate,West
38069,feci,Midwest
49005,food_insecurity_rate,West
29089,food_desert_index,Midwest
26165,food_insecurity_rate,Midwest
48261,median_income,South
46057,pct_agri_sector,Midwest
02150,unemployment_rate,West
48111,food_insecurity_rate,South
36047,poverty_rate,Northeast
51071,snap_rate,South
28109,poverty_rate,South
01107,poverty_rate,South
39011,food_insecurity_rate,Midwest
08097,fastfood_density,West
01019,food_insecurity_rate,South
31153,feci,Midwest
50013,unemployment_rate,Northeast
20105,median_income,Midwest
26079,food_insecurity_rate,Midwest
17151,snap_rate,Midwest
47053,food_insecurity_rate,South
48069,food_insecurity_rate,South
47135,food_insecurity_rate,South
51105,poverty_rate,South
48191,median_income,South
06093,poverty_rate,West
20149,unemployment_rate,Midwest
34017,poverty_rate,Northeast
39147,food_insecurity_rate,Midwest
40115,poverty_rate,South
19035,poverty_rate,Midwest
55049,unemployment_rate,Midwest
06091,unemployment_rate,West
36003,poverty_rate,Northeast
22023,snap_rate,South
26029,fastfood_density,Midwest
48291,food_insecurity_rate,South
08121,pct_foodsvc_sector,West
54019,snap_rate,South
31145,feci,Midwest
51059,snap_rate,South
20195,fastfood_density,Midwest
51183,snap_rate,South
48079,poverty_rate,South
37087,pct_agri_sector,South
30027,poverty_rate,West
31037,food_desert_index,Midwest
20049,food_desert_index,Midwest
54079,snap_rate,South
31163,feci,Midwest
31119,pct_foodsvc_sector,Midwest
30009,unemployment_rate,West
26135,median_income,Midwest
05143,food_desert_index,South
48393,food_insecurity_rate,South
13319,poverty_rate,South
48487,poverty_rate,South
26025,food_insecurity_rate,Midwest
31121,unemployment_rate,Midwest
40015,poverty_rate,South
56015,pct_agri_sector,West
45041,poverty_rate,South
39165,food_insecurity_rate,Midwest
47115,food_insecurity_rate,South
49053,food_insecurity_rate,West
01067,food_insecurity_rate,South
24005,unemployment_rate,South
19187,feci,Midwest
05147,poverty_rate,South
13133,food_insecurity_rate,South
13289,food_insecurity_rate,South
30039,median_income,West
22089,snap_rate,South
13061,poverty_rate,South
26137,food_insecurity_rate,Midwest
28015,poverty_rate,South
37119,pct_agri_sector,South
46061,pct_agri_sector,Midwest
13073,food_insecurity_rate,South
01011,poverty_rate,South
48259,food_insecurity_rate,South
